id;document_title;document_content;created_date;modified_date
1;invoice Tanzanian;Fantastic National;2023-01-08T11:23:41;2023-01-08T07:51:03
2;transparent parse;wireless engage hacking;2023-01-08T23:58:38;2023-01-08T01:33:04
3;Investor;hacking Intelligent hack;2023-01-08T11:08:02;2023-01-08T06:25:07
4;black;Chicken;2023-01-08T03:24:09;2023-01-08T19:20:03
5;Distributed;AGP Technician sensor;2023-01-08T09:39:19;2023-01-08T08:09:34
6;Borders Cheese Executive;Tools Computers UIC-Franc;2023-01-08T23:45:09;2023-01-08T20:43:51
7;Account;Borders turn-key SSL;2023-01-08T09:50:44;2023-01-08T20:39:36
8;Guyana bricks-and-clicks Circles;Account up Health;2023-01-08T10:39:59;2023-01-08T19:32:38
9;Unbranded New Chief;New Plastic;2023-01-08T09:36:45;2023-01-08T19:24:10
10;Idaho Buckinghamshire;Product;2023-01-08T19:55:27;2023-01-08T08:33:08
