#File,SHA-1
package-lock.json,a50f0c384fb67c5489f87754c755e6ac48d88116
package.json,64a9f5106f62721cbfcfae6089dda91b0dce1170
src/main/webapp/404.html,6f1f8f2578202ca1b6bef5384ba474825d2722e9
src/main/webapp/WEB-INF/web.xml,f3577fd846ec450b1c1687c78d076c2b99e075c2
src/main/webapp/app/_bootstrap-variables.scss,f11747cffdb465cc37c01840db09e489bdd5a5a7
src/main/webapp/app/app.scss,3ba30210e2035c672533e01c5d7d1447d36f792a
src/main/webapp/app/app.tsx,7407785ff851676bfa3e6b7fea9706c121df83b0
src/main/webapp/app/config/axios-interceptor.spec.ts,afa2f52378856fef8b614e208c049701c837c667
src/main/webapp/app/config/axios-interceptor.ts,501d3892b8cade03f93b6829472d481283f70a3e
src/main/webapp/app/config/constants.ts,9c43864abf55ee5b743353be33fbc5965fc0ba27
src/main/webapp/app/config/dayjs.ts,ea85d7000017e15c0d02c4f361595391445ec213
src/main/webapp/app/config/error-middleware.ts,06e58000a0d7a7cafdfbfb49ef52d21e79d6b53b
src/main/webapp/app/config/icon-loader.ts,9099d9cc8071f2645f4409657abf0034c2dc07dd
src/main/webapp/app/config/logger-middleware.ts,c06e5391ba3e221c78b20156c8cf7a0d8ad25cf3
src/main/webapp/app/config/notification-middleware.spec.ts,475918afecefaefe1f4ef3471bcf42552d0772fc
src/main/webapp/app/config/notification-middleware.ts,ed4e0635e7f1182971baa98a52222ad63685c48f
src/main/webapp/app/config/store.ts,e89813baaac67f5fe40370a2299113007141d279
src/main/webapp/app/entities/document/document-delete-dialog.tsx,c65c1be6658cb751523196ddc3b6c5c85a01589b
src/main/webapp/app/entities/document/document-detail.tsx,d322271031388e34f7c60f173fd72dcc8b2240e0
src/main/webapp/app/entities/document/document-reducer.spec.ts,a56b9e64744492edc9e8ee35f6fde10b6a344ee8
src/main/webapp/app/entities/document/document-update.tsx,8961beffef94e179bfcead0957653be4b026266d
src/main/webapp/app/entities/document/document.reducer.ts,123a65a376fc8857e4d993707e302ee062bc4612
src/main/webapp/app/entities/document/document.tsx,76a83c55ad914b5ee879b9cd4a26ceb9926ca624
src/main/webapp/app/entities/document/index.tsx,0813581979ced584c41a8cb521a729947dcd7edb
src/main/webapp/app/entities/menu.tsx,ef2dda1cb1a49d25dc7dead08893537006577eac
src/main/webapp/app/entities/reducers.ts,39697bc206d18b3401e9a1727daf33704d109604
src/main/webapp/app/entities/routes.tsx,aeccf74d37f28a48d17a23367899ac90d6647b4a
src/main/webapp/app/index.tsx,36dbf5177c387213f5fbb39faed0a6b524d4c3db
src/main/webapp/app/modules/account/activate/activate.reducer.spec.ts,413401287bd9b4ff090f3e9b67b87015b49052ad
src/main/webapp/app/modules/account/activate/activate.reducer.ts,ccb487a03e908c0d53c49ba8c7e6d28a02eab395
src/main/webapp/app/modules/account/activate/activate.tsx,05ed076204b17f73e6afc47f0227616bc031116c
src/main/webapp/app/modules/account/index.tsx,6fc3eb5bbfb8a76a88c04d90415fe748d3f2023c
src/main/webapp/app/modules/account/password-reset/finish/password-reset-finish.tsx,1b4e9d0193fb2f41effd9ed0ac038a3f24bc2b90
src/main/webapp/app/modules/account/password-reset/init/password-reset-init.tsx,771ab367a12f55a881e855125bc3513a6d5ff931
src/main/webapp/app/modules/account/password-reset/password-reset.reducer.ts,376b9fd92db44d51c48bc367f3a5041ffae67272
src/main/webapp/app/modules/account/password/password.reducer.spec.ts,60c708df96336ca7d2cf8a91e3bfd6b8fbcd8d2f
src/main/webapp/app/modules/account/password/password.reducer.ts,14c4c8176637a146d346a0ef55adcfcfbe880638
src/main/webapp/app/modules/account/password/password.tsx,4b18e2179d2f4bc45624c7668b495dd3e25b1779
src/main/webapp/app/modules/account/register/register.reducer.spec.ts,4ebba46c3c31f763658faf4edfc788067c20c5c7
src/main/webapp/app/modules/account/register/register.reducer.ts,ea3d9611d887a5bc71d87c04b6d76630c861e721
src/main/webapp/app/modules/account/register/register.tsx,42653ad0dcd1b8f8214203554915eb5d5a4e2d61
src/main/webapp/app/modules/account/settings/settings.reducer.spec.ts,bb6cda06c27bf46c73167b5ace4bef3e0584d868
src/main/webapp/app/modules/account/settings/settings.reducer.ts,0ecffaff12ee31d019d118c864e6f24c89e49028
src/main/webapp/app/modules/account/settings/settings.tsx,4e68669dca6d596fa0349e495a8eb325727a8aa5
src/main/webapp/app/modules/administration/administration.reducer.spec.ts,eac26f9aecefbb6e051a1476286d3dc9d5915a8e
src/main/webapp/app/modules/administration/administration.reducer.ts,fe29145ffd7a5fbdb59faec362a474fce66a8cf4
src/main/webapp/app/modules/administration/configuration/configuration.tsx,146d2c514f43c151ad3beea9b083236736691ccd
src/main/webapp/app/modules/administration/docs/docs.scss,b2d84d706c34e9f2287429d1135921844bab7425
src/main/webapp/app/modules/administration/docs/docs.tsx,c6c7e74d74b621dbda16d8386e045aef8377b0f3
src/main/webapp/app/modules/administration/health/health-modal.tsx,3673046e43cf38f829617219e9a0e864702c6e28
src/main/webapp/app/modules/administration/health/health.tsx,22c54abc1a5671b53544cdf536e2d1ef8ff1cee1
src/main/webapp/app/modules/administration/index.tsx,491ae49ce5015acb5a75d120e3034f02c4473a27
src/main/webapp/app/modules/administration/logs/logs.tsx,7b9200dc32f77e2a575d5654906b6fcc324f85bc
src/main/webapp/app/modules/administration/metrics/metrics.tsx,300dd4927c6eeb14e3ca9992ebdfcfe38ff69e98
src/main/webapp/app/modules/administration/user-management/index.tsx,89a52860bed92674e66c06171c1940e6f4d84846
src/main/webapp/app/modules/administration/user-management/user-management-delete-dialog.tsx,497808157fb301ce22b0db0da14c89bc384b59f6
src/main/webapp/app/modules/administration/user-management/user-management-detail.tsx,f319bf272cf439c0a94689bc89d21026feb34af8
src/main/webapp/app/modules/administration/user-management/user-management-update.tsx,942b4ba2f7500575bb744eb730226f9290b070b9
src/main/webapp/app/modules/administration/user-management/user-management.reducer.spec.ts,858b6760e90201caec5c0b2bfee122fe99e48d5e
src/main/webapp/app/modules/administration/user-management/user-management.reducer.ts,c4db24b027f26d07df58d2bb865d2dfcfa8cb971
src/main/webapp/app/modules/administration/user-management/user-management.tsx,7bde2db19b13a1edc9af80ea1996f0934c3b2ef1
src/main/webapp/app/modules/home/home.scss,78342afafe06ecbee81a34bf0c8631022a3c1a97
src/main/webapp/app/modules/home/home.tsx,59e39400c9475936a2e847bf44957ff4829d3c12
src/main/webapp/app/modules/login/login-modal.tsx,47130a5715d962a28e6a3d52c75f19f328d338ab
src/main/webapp/app/modules/login/login.tsx,ace086675c1768158ebc3759270a6c73ae3af942
src/main/webapp/app/modules/login/logout.tsx,596a325811870a3f7fd090b3c6f580c7d033c8b4
src/main/webapp/app/routes.tsx,2e8725454f06cd15f7583d060309ff0915e4ec65
src/main/webapp/app/setup-tests.ts,b55be73a50f3d0d29c99022aba6867f9bb12bdbf
src/main/webapp/app/shared/DurationFormat.tsx,f5f6a6703c13cab1a458a9c352e0c38687c41e0e
src/main/webapp/app/shared/auth/private-route.spec.tsx,5d49fd8008eb483b4d2777fe072cbd652269161e
src/main/webapp/app/shared/auth/private-route.tsx,db16b8daa998275209bee0af80840e2e7773d9f3
src/main/webapp/app/shared/error/error-boundary-routes.spec.tsx,0a4f75e47da51de962a6bde51936fef978c58c42
src/main/webapp/app/shared/error/error-boundary-routes.tsx,f17afcc700c717c613edf8e08c7f40836e0adff3
src/main/webapp/app/shared/error/error-boundary.spec.tsx,2564b3bb0e38d4424a401d5a4797580a411efddd
src/main/webapp/app/shared/error/error-boundary.tsx,472182d082ec86ef3c10af824986b20821a0664f
src/main/webapp/app/shared/error/page-not-found.tsx,b906ae2f27a5ac260b0dd6bf4465fab2473cc8e2
src/main/webapp/app/shared/layout/footer/footer.scss,d3cac62246d4863510099354d1d41fa13b549ab0
src/main/webapp/app/shared/layout/footer/footer.tsx,78c12b1cf8ba069df6eadb4a7f4fe8198f38f2bd
src/main/webapp/app/shared/layout/header/header-components.tsx,e36d4a60cd629319ee15d580ce6b1209b5386e0d
src/main/webapp/app/shared/layout/header/header.scss,5fdb2d53c7181f9cdadaba094967e71a1ef7d797
src/main/webapp/app/shared/layout/header/header.spec.tsx,d8e3638474c5e7ee27f8392528c28e7d41a68f66
src/main/webapp/app/shared/layout/header/header.tsx,a580d6659c548253a2c758ee7cb977c7c38142b8
src/main/webapp/app/shared/layout/menus/account.spec.tsx,912e5263f340b3043e76ee8d1eb6b9327e547b11
src/main/webapp/app/shared/layout/menus/account.tsx,6cb1badc0ded9d61ec65b6e596ad82f7910ea3f4
src/main/webapp/app/shared/layout/menus/admin.tsx,8b1c25e0c700b374f7e8c8fb17d1b6513a286b22
src/main/webapp/app/shared/layout/menus/entities.tsx,cafaa47d65c26d4d762250df1ec603cd7d52efe9
src/main/webapp/app/shared/layout/menus/index.ts,ea13a27c1f08c685163b6f91fb2e1a265f76a55b
src/main/webapp/app/shared/layout/menus/menu-components.tsx,b18066b952ba858edd972cadcdde05a2dfb7fe82
src/main/webapp/app/shared/layout/menus/menu-item.tsx,ce336d9ef4fb2d4bf10cf8a352fbd41dc1334aaf
src/main/webapp/app/shared/layout/password/password-strength-bar.scss,9d5c04beb3d647cac81dfffa450f2749126b7c7d
src/main/webapp/app/shared/layout/password/password-strength-bar.tsx,41a7b695d92545e2573c19ce6ecdba6a0ec05630
src/main/webapp/app/shared/model/document.model.ts,3afa6c99335c16d85c7099f0e1bab7541c3f92da
src/main/webapp/app/shared/model/user.model.ts,f36836eba81c142a12eed396cd72645ff12d0bbc
src/main/webapp/app/shared/reducers/application-profile.spec.ts,0444baa2901d1c387ed5f83c0c9926af7b267638
src/main/webapp/app/shared/reducers/application-profile.ts,bbb4ad59ebe6d3bb0f310db879f63bb044548f31
src/main/webapp/app/shared/reducers/authentication.spec.ts,3cfdab33a64746fe57e33f1b20e426f083f9b492
src/main/webapp/app/shared/reducers/authentication.ts,8f3c973c13a6805768a682a3bef3498a18ce28f8
src/main/webapp/app/shared/reducers/index.ts,012a3e070b0190ccda282fd2f92ee6c0cefe6452
src/main/webapp/app/shared/reducers/reducer.utils.ts,513bba3dc7a4f84699cbbaeec6124391179a1386
src/main/webapp/app/shared/util/date-utils.ts,ff23c7a43055f72fb9d82cce5216aea96c1fe083
src/main/webapp/app/shared/util/entity-utils.spec.ts,6670c1a8ed9ce8fa9542538c8303b405e444335f
src/main/webapp/app/shared/util/entity-utils.ts,25cdae4f4ecc392a31fd204914d4f0b5b7f209f5
src/main/webapp/app/shared/util/pagination.constants.ts,2259d10abbaabd7777dbe59c827f43a72691e459
src/main/webapp/app/typings.d.ts,7e744d2f398e3ea5369c4c45e473e7b510289ca4
src/main/webapp/content/css/loading.css,013e341c9cb1e6abb93f94924af393026311511d
src/main/webapp/content/images/jhipster_family_member_0.svg,d74ed3591e3a916224096cef4f87dc3bd7479386
src/main/webapp/content/images/jhipster_family_member_0_head-192.png,df480d17864835a76db4abd997176e13cfa38d2c
src/main/webapp/content/images/jhipster_family_member_0_head-256.png,ec1cd28328e885231c2d9a451cc46a8d4f10d6f4
src/main/webapp/content/images/jhipster_family_member_0_head-384.png,55c081b847a19807b34b48e31e63a464a2726d4e
src/main/webapp/content/images/jhipster_family_member_0_head-512.png,6cf7f74775338ab98de40ef589c68337fe8e859c
src/main/webapp/content/images/jhipster_family_member_1.svg,61a207bca2c8b0dac21fc945d2f2505e4b5d3a30
src/main/webapp/content/images/jhipster_family_member_1_head-192.png,ba95a15a915e98e756f8c0f6202cbb7146913d7a
src/main/webapp/content/images/jhipster_family_member_1_head-256.png,ae556422471b55c075155b881fa3d5ee646f968a
src/main/webapp/content/images/jhipster_family_member_1_head-384.png,0270ae0a742ebc7eaef16840d708a06663723204
src/main/webapp/content/images/jhipster_family_member_1_head-512.png,a432afd937aae212f7a5ea3b0285bd74b7358812
src/main/webapp/content/images/jhipster_family_member_2.svg,4b05e0217c9e27910087f76aa24a5699f7a3a30e
src/main/webapp/content/images/jhipster_family_member_2_head-192.png,7daaed3c0c953917ad905857627dbfc6466856af
src/main/webapp/content/images/jhipster_family_member_2_head-256.png,67f06e7a90ac379846940f1332d9d10398c49ae5
src/main/webapp/content/images/jhipster_family_member_2_head-384.png,7a0f8b1cc27ec81ce80bc1903f6faa2dab5524d9
src/main/webapp/content/images/jhipster_family_member_2_head-512.png,ee068745494bc8e72479d25287f2f80934f38c6d
src/main/webapp/content/images/jhipster_family_member_3.svg,0690f4141a25d739ed9429b0b315cc94196a3644
src/main/webapp/content/images/jhipster_family_member_3_head-192.png,58b5043c79afe05573cd8c3f7c23cc84c96ca362
src/main/webapp/content/images/jhipster_family_member_3_head-256.png,ee0fd7e4d2c0882650575bbaca55dee69dcaa064
src/main/webapp/content/images/jhipster_family_member_3_head-384.png,cf311c64f4d6762559ab3063521524f736f0975a
src/main/webapp/content/images/jhipster_family_member_3_head-512.png,97e81d97579be35f112fa057028887fbb80f962c
src/main/webapp/content/images/logo-jhipster.png,e1e46028ec092ca351425b07707fcdd52146b0b3
src/main/webapp/favicon.ico,69547cd4a95b59ac7e6818b6eb82befa061d0c16
src/main/webapp/index.html,5ccc7db434737f5919bf70dbb96a638444244a49
src/main/webapp/manifest.webapp,a7d46fe11adb8c0c530e7767af20d201745cf1c0
src/main/webapp/robots.txt,85dff18c84fe266335d06b070f89d291c46290e3
src/main/webapp/swagger-ui/dist/images/throbber.gif,4defd79f66e824ab7a3dc0e179904cc71a363439
src/main/webapp/swagger-ui/index.html,9abf60e39179ba3dd91361974e03ba563bea46d7
target/classes/static/account.f379acc6.chunk.js,7b0a418eeab50b1a8804e68a4c45abbcaa3a69f1
target/classes/static/account.f379acc6.chunk.js.map,67c1d1056f3c30fe40680a1017b50f1a0462a537
target/classes/static/administration.a2962980.chunk.js,cacc7a5214c10affc8a53daeba949d3eef4843e3
target/classes/static/administration.a2962980.chunk.js.map,ff775933c02bdd53314e933396f9ad412c09cbe0
target/classes/static/c0285e5e9ebdce9056be.svg,d74ed3591e3a916224096cef4f87dc3bd7479386
target/classes/static/content/css/loading.css,013e341c9cb1e6abb93f94924af393026311511d
target/classes/static/content/images/jhipster_family_member_0.svg,d74ed3591e3a916224096cef4f87dc3bd7479386
target/classes/static/content/images/jhipster_family_member_0_head-192.png,df480d17864835a76db4abd997176e13cfa38d2c
target/classes/static/content/images/jhipster_family_member_0_head-256.png,ec1cd28328e885231c2d9a451cc46a8d4f10d6f4
target/classes/static/content/images/jhipster_family_member_0_head-384.png,55c081b847a19807b34b48e31e63a464a2726d4e
target/classes/static/content/images/jhipster_family_member_0_head-512.png,6cf7f74775338ab98de40ef589c68337fe8e859c
target/classes/static/content/images/jhipster_family_member_1.svg,61a207bca2c8b0dac21fc945d2f2505e4b5d3a30
target/classes/static/content/images/jhipster_family_member_1_head-192.png,ba95a15a915e98e756f8c0f6202cbb7146913d7a
target/classes/static/content/images/jhipster_family_member_1_head-256.png,ae556422471b55c075155b881fa3d5ee646f968a
target/classes/static/content/images/jhipster_family_member_1_head-384.png,0270ae0a742ebc7eaef16840d708a06663723204
target/classes/static/content/images/jhipster_family_member_1_head-512.png,a432afd937aae212f7a5ea3b0285bd74b7358812
target/classes/static/content/images/jhipster_family_member_2.svg,4b05e0217c9e27910087f76aa24a5699f7a3a30e
target/classes/static/content/images/jhipster_family_member_2_head-192.png,7daaed3c0c953917ad905857627dbfc6466856af
target/classes/static/content/images/jhipster_family_member_2_head-256.png,67f06e7a90ac379846940f1332d9d10398c49ae5
target/classes/static/content/images/jhipster_family_member_2_head-384.png,7a0f8b1cc27ec81ce80bc1903f6faa2dab5524d9
target/classes/static/content/images/jhipster_family_member_2_head-512.png,ee068745494bc8e72479d25287f2f80934f38c6d
target/classes/static/content/images/jhipster_family_member_3.svg,0690f4141a25d739ed9429b0b315cc94196a3644
target/classes/static/content/images/jhipster_family_member_3_head-192.png,58b5043c79afe05573cd8c3f7c23cc84c96ca362
target/classes/static/content/images/jhipster_family_member_3_head-256.png,ee0fd7e4d2c0882650575bbaca55dee69dcaa064
target/classes/static/content/images/jhipster_family_member_3_head-384.png,cf311c64f4d6762559ab3063521524f736f0975a
target/classes/static/content/images/jhipster_family_member_3_head-512.png,97e81d97579be35f112fa057028887fbb80f962c
target/classes/static/content/images/logo-jhipster.png,e1e46028ec092ca351425b07707fcdd52146b0b3
target/classes/static/favicon.ico,69547cd4a95b59ac7e6818b6eb82befa061d0c16
target/classes/static/index.html,fc054371c81902ea1b9ff7d49933fff602426b22
target/classes/static/main.1c09622a.js,a11eb1ae9269a903a7a83419999bc266ece2f1f7
target/classes/static/main.1c09622a.js.map,9687125afb882cbc6367e2f80430f8d4449b35b1
target/classes/static/main.34cb027b.js,d52ef3d68863bc6672d83013e11fe5550edf4a78
target/classes/static/main.34cb027b.js.map,4a38d8e40c4a19c9b0e0c9fe988d0aae344ca7bb
target/classes/static/main.36a8b3ca.js,72f9bf4fcc86e0f6dbffdaa9e2a73a9bbc251820
target/classes/static/main.36a8b3ca.js.map,737947f9149846bd56b4bce339b28b61c30e96a9
target/classes/static/main.3836d071.js,e13afcae9c0406f3724fa222c1a2af036504afdb
target/classes/static/main.3836d071.js.map,514d220f1e47795a6bf108567bcd60081e17f88e
target/classes/static/main.94e65ef9.js,3e1938032f554bd8033b1b72a241df153b853eb7
target/classes/static/main.94e65ef9.js.map,3dca443f692dd0cfde7d2030102426540ca17b56
target/classes/static/main.abc95813.js,025ddc263dcef9ccbdfe65847da0e8770e87b784
target/classes/static/main.abc95813.js.map,eb418d13f4265adda56b80674c6ea5df37ab81c3
target/classes/static/main.b48fd489.js,46b3484a66070ee1d71e67a2c4d9605ac896403b
target/classes/static/main.b48fd489.js.map,3f73e13241feafecb7da2d7296cbf080c71d716b
target/classes/static/main.b5638d9d.js,a8fa8e7c416206e7e73dd919af57af8eea3b85cb
target/classes/static/main.b5638d9d.js.map,78ac0d216677f292b2ac64a57a5db80c3e72e9e3
target/classes/static/main.b616ace4.js,f7f08637e21d1bb78e42216571a5b1e2f63df0f5
target/classes/static/main.b616ace4.js.map,8f6a199ce4c7fd6bba755393c11862f77ef3e039
target/classes/static/main.c8764bc3.js,5851755d060b6b3fa9c3c8d91efbbd71f847a0b9
target/classes/static/main.c8764bc3.js.map,1e4a801f363dd4faeb84a84b700b923c98ebe35e
target/classes/static/main.dad4bb3c.js,731a977eb4bb7c67ca988de1d15a0d4e7d1f8d35
target/classes/static/main.dad4bb3c.js.map,edeeca650471722e7b4d024839ea5bab5f1e5ea5
target/classes/static/main.dd6767cc.js,74a221e3a36b14b46113ffb4526d4904512feb40
target/classes/static/main.dd6767cc.js.map,2333fd7b13533a1b15b52d1a4eabd2e0619f7eba
target/classes/static/main.e0cc17a8.js,9d86a1e9ac724aab1fd649d9cafafb4b013d2f4c
target/classes/static/main.e0cc17a8.js.map,a146253fe3b3d196b9d1a6d42a6352c85bd2e77b
target/classes/static/main.ea9dbf33.js,700a2bc1170c871b205e3b92dd5d33fd6fcd9fb5
target/classes/static/main.ea9dbf33.js.map,2f11abddb12a97ee5ab7f885af5d1146e2619cbf
target/classes/static/main.f3d0d3fd.js,a53a5768195c721e6fe5c77d467272c00bfd52ec
target/classes/static/main.f3d0d3fd.js.map,af8525412844be60de09a8d00bb69aee64daafae
target/classes/static/manifest.webapp,a7d46fe11adb8c0c530e7767af20d201745cf1c0
target/classes/static/robots.txt,85dff18c84fe266335d06b070f89d291c46290e3
target/classes/static/swagger-ui/absolute-path.js,27e42f7871bbac388e15d373642643a9c0ce2be3
target/classes/static/swagger-ui/axios.min.js,1423712131ca1c1471097aae1bf41332aaccb491
target/classes/static/swagger-ui/dist/images/throbber.gif,4defd79f66e824ab7a3dc0e179904cc71a363439
target/classes/static/swagger-ui/favicon-16x16.png,3ff0a4d0a54de5e744a382349822165a6b6994ed
target/classes/static/swagger-ui/favicon-32x32.png,8ca50b59019f7f17c65b77ea4f90a1b1a46ac0b6
target/classes/static/swagger-ui/index.css,71586906338f69420aa4cf1d3494fee8c533f11a
target/classes/static/swagger-ui/index.html,9abf60e39179ba3dd91361974e03ba563bea46d7
target/classes/static/swagger-ui/index.js,188642650e853f572a8c7191ba21bf1d5e1b3e5b
target/classes/static/swagger-ui/oauth2-redirect.html,e1d0985cc80073d9ad24ed54e1350902b1b4651c
target/classes/static/swagger-ui/swagger-initializer.js,c434dd8fbfa625a10351681d3037ee79d5682207
target/classes/static/swagger-ui/swagger-ui-bundle.js,141b30f1626b9b8b9fe5a77789e0ffc5d721714b
target/classes/static/swagger-ui/swagger-ui-es-bundle-core.js,2ca8609d4b8a276e7f65003a312e11ea06ce3d52
target/classes/static/swagger-ui/swagger-ui-es-bundle.js,f0141fc626581cf9b2be4537e954c72e942af959
target/classes/static/swagger-ui/swagger-ui-standalone-preset.js,445c95a78f8eaaa80e5ab43d5413d01520130b87
target/classes/static/swagger-ui/swagger-ui.css,6758a0a50bb76e06a783422acd96cc417e486f5e
target/classes/static/swagger-ui/swagger-ui.js,1717f1f344a8904ea00811420de393067f952fef
tsconfig.json,9129842122b62697d61dcf17e3e802566ff9496b
webpack/environment.js,542bd9c73e5d1b7ec452c0df9a1d9a8bbb7aa863
webpack/logo-jhipster.png,f1671a819ca95d37e86e20da335b66ac67dd6210
webpack/utils.js,4da91113a5b225f04139fe0648fb940d22b15a36
webpack/webpack.common.js,e1e2373deeabc310f98fb805cf18425116f77652
webpack/webpack.dev.js,9d061a58aecac57e526d3dd4f4978269063b2732
webpack/webpack.prod.js,1c9e1ebac9ad3e7f82d6e0b2cfa4bfb2375924e3
